date	total_count	lineage_count	total_count_rolling	lineage_count_rolling	proportion	proportion_ci_lower	proportion_ci_upper	dateTime	source
"2020-02-15"	113	2	113	2	0.017699115044247787	0.0036957274601591194	0.055560054038479634	"2020-02-15T05:00:00.000Z"	
"2020-02-16"	39	0	76	1	0.013157894736842105	0.0014233908084302128	0.05984191433598551	"2020-02-16T05:00:00.000Z"	
"2020-02-17"	60	0	70.66666666666667	0.6666666666666666	0.009433962264150943	0.0015239092234783213	0.06393319224563343	"2020-02-17T05:00:00.000Z"	
"2020-02-18"	27	0	59.75	0.5	0.008368200836820083	0.00000814984778982563	0.040833922866898485	"2020-02-18T05:00:00.000Z"	
"2020-02-19"	33	0	54.4	0.4	0.007352941176470589	0.000009051191172037456	0.04524621037882053	"2020-02-19T05:00:00.000Z"	
"2020-02-20"	46	0	53	0.3333333333333333	0.006289308176100628	0.00000922116209664496	0.04607597583181053	"2020-02-20T05:00:00.000Z"	
"2020-02-21"	59	0	53.857142857142854	0.2857142857142857	0.005305039787798408	0.000009051191172037456	0.04524621037882053	"2020-02-21T05:00:00.000Z"	
"2020-02-22"	58	0	46	0	0	0.000010616751927119647	0.05286170463923311	"2020-02-22T05:00:00.000Z"	
"2020-02-23"	48	0	47.285714285714285	0	0	0.000010392066291527431	0.051772500175186045	"2020-02-23T05:00:00.000Z"	
"2020-02-24"	77	0	49.714285714285715	0	0	0.000009771663301804058	0.04875845944407136	"2020-02-24T05:00:00.000Z"	
"2020-02-25"	81	0	57.42857142857143	0	0	0.000008576904275256292	0.042927005803756184	"2020-02-25T05:00:00.000Z"	
"2020-02-26"	93	0	66	0	0	0.000007411762139215877	0.03720561031849754	"2020-02-26T05:00:00.000Z"	
"2020-02-27"	128	0	77.71428571428571	0	0	0.000006275150301788441	0.031591300912841735	"2020-02-27T05:00:00.000Z"	
"2020-02-28"	197	0	97.42857142857143	0	0	0.000005049169109898994	0.025498792336140684	"2020-02-28T05:00:00.000Z"	
"2020-02-29"	151	0	110.71428571428571	0	0	0.0000044137728963029014	0.02232611090258803	"2020-02-29T05:00:00.000Z"	
"2020-03-01"	220	0	135.28571428571428	0	0	0.0000036305569545375232	0.01840110110345993	"2020-03-01T05:00:00.000Z"	
"2020-03-02"	341	0	173	0	0	0.000002834247338168398	0.014394306624689778	"2020-03-02T05:00:00.000Z"	
"2020-03-03"	416	0	220.85714285714286	0	0	0.0000022193613564976593	0.011289189147385454	"2020-03-03T05:00:00.000Z"	
"2020-03-04"	475	0	275.42857142857144	0	0	0.0000017839561053273694	0.009084516209663175	"2020-03-04T05:00:00.000Z"	
"2020-03-05"	479	0	325.57142857142856	0	0	0.0000015050851949446601	0.00766987165222301	"2020-03-05T05:00:00.000Z"	
"2020-03-06"	482	0	366.2857142857143	0	0	0.0000013407074811966813	0.006835077291972536	"2020-03-06T05:00:00.000Z"	
"2020-03-07"	445	0	408.2857142857143	0	0	0.000001202778129052969	0.006134059358735865	"2020-03-07T05:00:00.000Z"	
"2020-03-08"	463	0	443	0	0	0.0000011078041928364996	0.005651072167893554	"2020-03-08T05:00:00.000Z"	
"2020-03-09"	1020	0	540	0	0	9.089019580660828e-7	0.00463879992662865	"2020-03-09T04:00:00.000Z"	
"2020-03-10"	950	0	616.2857142857143	0	0	7.968102596945127e-7	0.0040678781853438995	"2020-03-10T04:00:00.000Z"	
"2020-03-11"	1076	0	702.1428571428571	0	0	6.992301257231117e-7	0.0035706022361286925	"2020-03-11T04:00:00.000Z"	
"2020-03-12"	1270	0	815.1428571428571	0	0	6.023114230160013e-7	0.0030764512220732036	"2020-03-12T04:00:00.000Z"	
"2020-03-13"	1416	0	948.5714285714286	0	0	5.17286715353042e-7	0.0026427413106853855	"2020-03-13T04:00:00.000Z"	
"2020-03-14"	1288	0	1069	0	0	4.592325764905038e-7	0.0023464995273908412	"2020-03-14T04:00:00.000Z"	
"2020-03-15"	3477	2	1499.5714285714287	0.2857142857142857	0.00019053062779841856	3.273017639798238e-7	0.0016729486673400667	"2020-03-15T04:00:00.000Z"	
"2020-03-16"	2249	0	1675.142857142857	0.2857142857142857	0.00017056114617090227	2.931111661873874e-7	0.001498320072368671	"2020-03-16T04:00:00.000Z"	
"2020-03-17"	2199	0	1853.5714285714287	0.2857142857142857	0.00015414258188824661	2.6481568780293057e-7	0.0013537777227626152	"2020-03-17T04:00:00.000Z"	
"2020-03-18"	2263	0	2023.142857142857	0.2857142857142857	0.00014122299110295156	2.4269590769916794e-7	0.001240768244322879	"2020-03-18T04:00:00.000Z"	
"2020-03-19"	2101	0	2141.8571428571427	0.2857142857142857	0.00013339558460614953	2.2921437692549278e-7	0.0011718851235473851	"2020-03-19T04:00:00.000Z"	
"2020-03-20"	2182	0	2251.285714285714	0.2857142857142857	0.00012691160606637477	2.181163806816504e-7	0.0011151769733410124	"2020-03-20T04:00:00.000Z"	
"2020-03-21"	1815	0	2326.5714285714284	0.2857142857142857	0.00012280486307257767	2.1099344890011407e-7	0.0010787787713951497	"2020-03-21T04:00:00.000Z"	
"2020-03-22"	1924	0	2104.714285714286	0	0	2.3324284425107744e-7	0.0011924688476578837	"2020-03-22T04:00:00.000Z"	
"2020-03-23"	2922	0	2200.8571428571427	0	0	2.2307075554890042e-7	0.0011404930612534383	"2020-03-23T04:00:00.000Z"	
"2020-03-24"	2836	0	2291.8571428571427	0	0	2.142150738690106e-7	0.0010952414485260581	"2020-03-24T04:00:00.000Z"	
"2020-03-25"	2792	0	2367.4285714285716	0	0	2.0742824159770551e-7	0.0010605600538110154	"2020-03-25T04:00:00.000Z"	
"2020-03-26"	2803	0	2467.714285714286	0	0	1.9894034527421004e-7	0.0010171843564913312	"2020-03-26T04:00:00.000Z"	
"2020-03-27"	2835	1	2561	0.14285714285714285	0.00005578178167010654	1.9171674345778628e-7	0.0009802681001756719	"2020-03-27T04:00:00.000Z"	
"2020-03-28"	2218	0	2618.5714285714284	0.14285714285714285	0.00005455537370430988	1.8747141751432418e-7	0.0009585717025280163	"2020-03-28T04:00:00.000Z"	
"2020-03-29"	1945	0	2621.5714285714284	0.14285714285714285	0.00005449294316386028	1.872569397963239e-7	0.0009574755683367281	"2020-03-29T04:00:00.000Z"	
"2020-03-30"	3056	0	2640.714285714286	0.14285714285714285	0.000054097917230186634	1.85909895216334e-7	0.0009505911817726939	"2020-03-30T04:00:00.000Z"	
"2020-03-31"	2785	1	2633.4285714285716	0.2857142857142857	0.00010849517196484755	1.8647470258921971e-7	0.0009534777677959941	"2020-03-31T04:00:00.000Z"	
"2020-04-01"	2892	0	2647.714285714286	0.2857142857142857	0.00010790978741771878	1.854184880109107e-7	0.0009480797184328536	"2020-04-01T04:00:00.000Z"	
"2020-04-02"	2410	0	2591.5714285714284	0.2857142857142857	0.00011024750565018466	1.8942405624291016e-7	0.0009685510245679726	"2020-04-02T04:00:00.000Z"	
"2020-04-03"	2472	0	2539.714285714286	0.14285714285714285	0.000056249296883788945	1.9330164698172482e-7	0.0009883678750610715	"2020-04-03T04:00:00.000Z"	
"2020-04-04"	1762	0	2474.5714285714284	0.14285714285714285	0.00005773005426625101	1.9837774260309717e-7	0.0010143092214575655	"2020-04-04T04:00:00.000Z"	
"2020-04-05"	1481	1	2408.285714285714	0.2857142857142857	0.00011863803535413454	2.038968154797613e-7	0.001042513635373941	"2020-04-05T04:00:00.000Z"	
"2020-04-06"	2574	0	2339.4285714285716	0.2857142857142857	0.00012212994626282364	2.0991108442821583e-7	0.0010732477697548866	"2020-04-06T04:00:00.000Z"	
"2020-04-07"	2235	0	2260.8571428571427	0.14285714285714285	0.00006318716036901302	2.1715179757779473e-7	0.001110248028529263	"2020-04-07T04:00:00.000Z"	
"2020-04-08"	2249	0	2169	0.14285714285714285	0.00006586313640255549	2.263614151212123e-7	0.0011573074672287147	"2020-04-08T04:00:00.000Z"	
"2020-04-09"	1888	0	2094.4285714285716	0.14285714285714285	0.0000682081713389264	2.3446794676974764e-7	0.0011987285070753986	"2020-04-09T04:00:00.000Z"	
"2020-04-10"	1887	0	2010.857142857143	0.14285714285714285	0.00007104290991759022	2.44143937776224e-7	0.001248166589803763	"2020-04-10T04:00:00.000Z"	
"2020-04-11"	1583	0	1985.2857142857142	0.14285714285714285	0.00007195797654169965	2.4734138973210513e-7	0.0012645029722927299	"2020-04-11T04:00:00.000Z"	
"2020-04-12"	1240	0	1950.857142857143	0	0	2.5165124549544765e-7	0.0012865224119476173	"2020-04-12T04:00:00.000Z"	
"2020-04-13"	2118	0	1885.7142857142858	0	0	2.603231227888919e-7	0.0013308263399233722	"2020-04-13T04:00:00.000Z"	
"2020-04-14"	1954	0	1845.5714285714287	0	0	2.6596316251130277e-7	0.0013596397974122495	"2020-04-14T04:00:00.000Z"	
"2020-04-15"	3990	1	2094.285714285714	0.14285714285714285	0.00006821282401091404	2.3446794676974764e-7	0.0011987285070753986	"2020-04-15T04:00:00.000Z"	
"2020-04-16"	1741	0	2073.285714285714	0.14285714285714285	0.00006890374147316199	2.3684287802637317e-7	0.0012108631029233658	"2020-04-16T04:00:00.000Z"	
"2020-04-17"	1725	0	2050.1428571428573	0.14285714285714285	0.00006968155529231411	2.394998152113401e-7	0.001224438419653661	"2020-04-17T04:00:00.000Z"	
"2020-04-18"	1223	0	1998.7142857142858	0.14285714285714285	0.00007147451933385747	2.4560935073012796e-7	0.0012556536929357437	"2020-04-18T04:00:00.000Z"	
"2020-04-19"	892	0	1949	0.14285714285714285	0.00007329766180458843	2.5190944860935216e-7	0.0012878415794027672	"2020-04-19T04:00:00.000Z"	
"2020-04-20"	1936	0	1923	0.14285714285714285	0.0000742886858331476	2.553149573658762e-7	0.0013052402628077261	"2020-04-20T04:00:00.000Z"	
"2020-04-21"	1594	0	1871.5714285714287	0.14285714285714285	0.00007633005114113425	2.6226972349727936e-7	0.0013407710972874855	"2020-04-21T04:00:00.000Z"	
"2020-04-22"	1562	0	1524.7142857142858	0	0	3.2193704176233e-7	0.0016455503502836324	"2020-04-22T04:00:00.000Z"	
"2020-04-23"	1458	0	1484.2857142857142	0	0	3.308300289014093e-7	0.0016909675541477802	"2020-04-23T04:00:00.000Z"	
"2020-04-24"	1357	0	1431.7142857142858	0	0	3.428413104771752e-7	0.0017523068601964919	"2020-04-24T04:00:00.000Z"	
"2020-04-25"	948	0	1392.4285714285713	0	0	3.526913011882342e-7	0.0018026060568981687	"2020-04-25T04:00:00.000Z"	
"2020-04-26"	827	0	1383.142857142857	0	0	3.5498605704701374e-7	0.0018143239147850225	"2020-04-26T04:00:00.000Z"	
"2020-04-27"	1549	0	1327.857142857143	0	0	3.696852694323201e-7	0.0018893801762193915	"2020-04-27T04:00:00.000Z"	
"2020-04-28"	1324	0	1289.2857142857142	0	0	3.8086830005161625e-7	0.0019464785355347135	"2020-04-28T04:00:00.000Z"	
"2020-04-29"	1449	0	1273.142857142857	0	0	3.8565439185852296e-7	0.00197091438284058	"2020-04-29T04:00:00.000Z"	
"2020-04-30"	1459	0	1273.2857142857142	0	0	3.8565439185852296e-7	0.00197091438284058	"2020-04-30T04:00:00.000Z"	
"2020-05-01"	1332	0	1269.7142857142858	0	0	3.865652069808953e-7	0.001975564568384441	"2020-05-01T04:00:00.000Z"	
"2020-05-02"	877	0	1259.5714285714287	0	0	3.896325754892184e-7	0.0019912249227850877	"2020-05-02T04:00:00.000Z"	
"2020-05-03"	718	0	1244	0	0	3.946429188517794e-7	0.002016804546312664	"2020-05-03T04:00:00.000Z"	
"2020-05-04"	1373	1	1218.857142857143	0.14285714285714285	0.00011720581340834505	4.027348364840403e-7	0.0020581153419433535	"2020-05-04T04:00:00.000Z"	
"2020-05-05"	1097	0	1186.4285714285713	0.14285714285714285	0.00012040939193257074	4.1393841605857454e-7	0.0021153089476290987	"2020-05-05T04:00:00.000Z"	
"2020-05-06"	1020	0	1125.142857142857	0.14285714285714285	0.00012696800406297612	4.3637808427137864e-7	0.0022298522595342366	"2020-05-06T04:00:00.000Z"	
"2020-05-07"	1009	1	1060.857142857143	0.2857142857142857	0.00026932399676811203	4.626943993960056e-7	0.002364167170204562	"2020-05-07T04:00:00.000Z"	
"2020-05-08"	975	1	1009.8571428571429	0.42857142857142855	0.00042438817371622575	4.860523872448076e-7	0.0024833680337021666	"2020-05-08T04:00:00.000Z"	
"2020-05-09"	697	1	984.1428571428571	0.5714285714285714	0.0005806357961968355	0.0001096739318746109	0.0047401428791757905	"2020-05-09T04:00:00.000Z"	
"2020-05-10"	516	0	955.2857142857143	0.5714285714285714	0.000598175564528189	0.00011300502868791087	0.0048837699820416525	"2020-05-10T04:00:00.000Z"	
"2020-05-11"	1061	0	910.7142857142857	0.42857142857142855	0.00047058823529411766	5.388580606897935e-7	0.0027527943170087377	"2020-05-11T04:00:00.000Z"	
"2020-05-12"	991	0	895.5714285714286	0.42857142857142855	0.00047854522252352845	5.478766024718113e-7	0.0027988016461752366	"2020-05-12T04:00:00.000Z"	
"2020-05-13"	1024	0	896.1428571428571	0.42857142857142855	0.0004782400765184122	5.478766024718113e-7	0.0027988016461752366	"2020-05-13T04:00:00.000Z"	
"2020-05-14"	1138	0	914.5714285714286	0.2857142857142857	0.00031240237425804435	5.365030412921932e-7	0.0027407800349805657	"2020-05-14T04:00:00.000Z"	
"2020-05-15"	2050	1	1068.142857142857	0.2857142857142857	0.00026748696001069946	4.5966246878606524e-7	0.002348693528254013	"2020-05-15T04:00:00.000Z"	
"2020-05-16"	580	0	1051.4285714285713	0.14285714285714285	0.0001358695652173913	4.670957717172836e-7	0.0023866294140360185	"2020-05-16T04:00:00.000Z"	
"2020-05-17"	536	0	1054.2857142857142	0.14285714285714285	0.00013550135501355014	4.657665927653485e-7	0.0023798460508178973	"2020-05-17T04:00:00.000Z"	
"2020-05-18"	1247	0	1080.857142857143	0.14285714285714285	0.00013217023526301876	4.541358926789305e-7	0.0023204876941400185	"2020-05-18T04:00:00.000Z"	
"2020-05-19"	1091	0	1095.142857142857	0.14285714285714285	0.00013044612575006522	4.4833091597225187e-7	0.0022908601359150093	"2020-05-19T04:00:00.000Z"	
"2020-05-20"	834	0	1068	0.14285714285714285	0.00013376136971642589	4.5966246878606524e-7	0.002348693528254013	"2020-05-20T04:00:00.000Z"	
"2020-05-21"	781	0	1017	0.14285714285714285	0.00014046916701783958	4.827077171199021e-7	0.002466300332395181	"2020-05-21T04:00:00.000Z"	
"2020-05-22"	835	0	843.4285714285714	0	0	5.823117628597763e-7	0.0029744501859111953	"2020-05-22T04:00:00.000Z"	
"2020-05-23"	474	0	828.2857142857143	0	0	5.928577007608619e-7	0.003028237230022119	"2020-05-23T04:00:00.000Z"	
"2020-05-24"	422	1	812	0.14285714285714285	0.00017593244194229416	6.045360257285707e-7	0.0030877963590264868	"2020-05-24T04:00:00.000Z"	
"2020-05-25"	697	0	733.4285714285714	0.14285714285714285	0.00019477989871445264	6.696684154416884e-7	0.003419904464613213	"2020-05-25T04:00:00.000Z"	
"2020-05-26"	790	0	690.4285714285714	0.14285714285714285	0.0002069108214359611	7.113862393514489e-7	0.003632564272646933	"2020-05-26T04:00:00.000Z"	
"2020-05-27"	811	2	687.1428571428571	0.42857142857142855	0.0006237006237006237	7.144915979177377e-7	0.003648392261412009	"2020-05-27T04:00:00.000Z"	
"2020-05-28"	634	0	666.1428571428571	0.42857142857142855	0.0006433626420759168	7.370121471798992e-7	0.003763171804665945	"2020-05-28T04:00:00.000Z"	
"2020-05-29"	627	0	636.4285714285714	0.42857142857142855	0.0006734006734006733	7.717631924362378e-7	0.003940260063074742	"2020-05-29T04:00:00.000Z"	
"2020-05-30"	422	0	629	0.42857142857142855	0.0006813536225300931	7.803485549964376e-7	0.003984005463336022	"2020-05-30T04:00:00.000Z"	
"2020-05-31"	359	0	620	0.2857142857142857	0.0004608294930875576	7.916716232456471e-7	0.004041697485847402	"2020-05-31T04:00:00.000Z"	
"2020-06-01"	814	0	636.7142857142857	0.2857142857142857	0.0004487323311644604	7.705521092259152e-7	0.003934089019395721	"2020-06-01T04:00:00.000Z"	
"2020-06-02"	782	0	635.5714285714286	0.2857142857142857	0.0004495392222971454	7.717631924362378e-7	0.003940260063074742	"2020-06-02T04:00:00.000Z"	
"2020-06-03"	705	0	620.4285714285714	0	0	7.916716232456471e-7	0.004041697485847402	"2020-06-03T04:00:00.000Z"	
"2020-06-04"	722	0	633	0	0	7.75419391915954e-7	0.003958889902526178	"2020-06-04T04:00:00.000Z"	
"2020-06-05"	638	1	634.5714285714286	0.14285714285714285	0.00022512381809995497	7.72978088580048e-7	0.003946450497036209	"2020-06-05T04:00:00.000Z"	
"2020-06-06"	400	0	631.4285714285714	0.14285714285714285	0.0002262443438914027	7.778761648853664e-7	0.003971407975092096	"2020-06-06T04:00:00.000Z"	
"2020-06-07"	501	0	651.7142857142857	0.14285714285714285	0.00021920210434020167	7.528314874264041e-7	0.0038437896694691037	"2020-06-07T04:00:00.000Z"	
"2020-06-08"	999	0	678.1428571428571	0.14285714285714285	0.0002106593638087213	7.239724990386542e-7	0.0036967147859840446	"2020-06-08T04:00:00.000Z"	
"2020-06-09"	887	0	693.1428571428571	0.14285714285714285	0.00020610057708161583	7.083077572981707e-7	0.003616873025065246	"2020-06-09T04:00:00.000Z"	
"2020-06-10"	904	0	721.5714285714286	0.14285714285714285	0.00019798059790140566	6.798675835824153e-7	0.003471899698143156	"2020-06-10T04:00:00.000Z"	
"2020-06-11"	1143	0	781.7142857142857	0.14285714285714285	0.0001827485380116959	6.277205233453726e-7	0.003206026102235909	"2020-06-11T04:00:00.000Z"	
"2020-06-12"	1033	0	838.1428571428571	0	0	5.857851391844601e-7	0.0029921656349154897	"2020-06-12T04:00:00.000Z"	
"2020-06-13"	879	0	906.5714285714286	0	0	5.41233846300526e-7	0.002764914392556708	"2020-06-13T04:00:00.000Z"	
"2020-06-14"	740	0	940.7142857142857	0	0	5.216833074951346e-7	0.002665172894335502	"2020-06-14T04:00:00.000Z"	
"2020-06-15"	2265	1	1121.5714285714287	0.14285714285714285	0.00012737230925996686	4.3754461035891966e-7	0.0022358064337766963	"2020-06-15T04:00:00.000Z"	
"2020-06-16"	1863	0	1261	0.14285714285714285	0.0001132887730825875	3.893236498343857e-7	0.0019896477235923655	"2020-06-16T04:00:00.000Z"	
"2020-06-17"	1238	0	1308.7142857142858	0.14285714285714285	0.00010915838882218097	3.750501871703244e-7	0.0019167728007451722	"2020-06-17T04:00:00.000Z"	
"2020-06-18"	1328	0	1335.142857142857	0.14285714285714285	0.00010699764605178686	3.67747208157883e-7	0.0018794844836773445	"2020-06-18T04:00:00.000Z"	
"2020-06-19"	1457	0	1395.7142857142858	0.14285714285714285	0.00010235414534288637	3.516809055485714e-7	0.0017974465657321632	"2020-06-19T04:00:00.000Z"	
"2020-06-20"	922	0	1401.857142857143	0.14285714285714285	0.0001019056353816366	3.5017612038370533e-7	0.0017897624711032734	"2020-06-20T04:00:00.000Z"	
"2020-06-21"	835	0	1415.4285714285713	0.14285714285714285	0.00010092854259184497	3.4695952357561606e-7	0.0017733369152820209	"2020-06-21T04:00:00.000Z"	
"2020-06-22"	1124	0	1252.4285714285713	0	0	3.9212174288387376e-7	0.002003933108790778	"2020-06-22T04:00:00.000Z"	
"2020-06-23"	1249	0	1164.7142857142858	0	0	4.2139836414624145e-7	0.0021533897200244735	"2020-06-23T04:00:00.000Z"	
"2020-06-24"	1343	0	1179.7142857142858	0	0	4.1604274130219637e-7	0.0021260510368951444	"2020-06-24T04:00:00.000Z"	
"2020-06-25"	1142	0	1153.142857142857	0	0	4.257831714796233e-7	0.002175772153490488	"2020-06-25T04:00:00.000Z"	
"2020-06-26"	1053	0	1095.4285714285713	0	0	4.4833091597225187e-7	0.0022908601359150093	"2020-06-26T04:00:00.000Z"	
"2020-06-27"	649	0	1056.4285714285713	0	0	4.648846681109276e-7	0.002375345190275649	"2020-06-27T04:00:00.000Z"	
"2020-06-28"	592	0	1021.7142857142857	0	0	4.803467116317443e-7	0.002454252051685076	"2020-06-28T04:00:00.000Z"	
"2020-06-29"	1317	0	1049.2857142857142	0	0	4.679861136487713e-7	0.0023911731802605594	"2020-06-29T04:00:00.000Z"	
"2020-06-30"	1224	0	1045.7142857142858	0	0	4.693280089232256e-7	0.0023980213622901586	"2020-06-30T04:00:00.000Z"	
"2020-07-01"	1212	0	1027	0	0	4.780086898828634e-7	0.0024423209142891904	"2020-07-01T04:00:00.000Z"	
"2020-07-02"	1418	0	1066.4285714285713	0	0	4.605246724678298e-7	0.0023530938615106828	"2020-07-02T04:00:00.000Z"	
"2020-07-03"	1097	0	1072.7142857142858	0	0	4.575210183390103e-7	0.002337764361264677	"2020-07-03T04:00:00.000Z"	
"2020-07-04"	790	0	1092.857142857143	0	0	4.491510957879357e-7	0.002295046239714956	"2020-07-04T04:00:00.000Z"	
"2020-07-05"	568	0	1089.4285714285713	0	0	4.5080049113644125e-7	0.0023034645114082355	"2020-07-05T04:00:00.000Z"	
"2020-07-06"	1199	0	1072.5714285714287	0	0	4.575210183390103e-7	0.002337764361264677	"2020-07-06T04:00:00.000Z"	
"2020-07-07"	1126	0	1058.5714285714287	0	0	4.6356802557692997e-7	0.0023686257299294355	"2020-07-07T04:00:00.000Z"	
"2020-07-08"	1207	0	1057.857142857143	0	0	4.6400607697523095e-7	0.002370861322005651	"2020-07-08T04:00:00.000Z"	
"2020-07-09"	1083	1	1010	0.14285714285714285	0.00014144271570014144	4.860523872448076e-7	0.0024833680337021666	"2020-07-09T04:00:00.000Z"	
"2020-07-10"	1211	0	1026.2857142857142	0.14285714285714285	0.00013919821826280623	4.784744716582344e-7	0.002444697852388598	"2020-07-10T04:00:00.000Z"	
"2020-07-11"	721	0	1016.4285714285714	0.14285714285714285	0.00014054813773717496	4.831827061210063e-7	0.002468724197702234	"2020-07-11T04:00:00.000Z"	
"2020-07-12"	457	0	1000.5714285714286	0.14285714285714285	0.00014277555682467162	4.90421396123195e-7	0.0025056624497998446	"2020-07-12T04:00:00.000Z"	
"2020-07-13"	1211	0	1002.2857142857143	0.14285714285714285	0.00014253135689851765	4.899320758495178e-7	0.0025031655444677867	"2020-07-13T04:00:00.000Z"	
"2020-07-14"	1011	0	985.8571428571429	0.14285714285714285	0.00014490653528474132	4.978802743408204e-7	0.002543722867778985	"2020-07-14T04:00:00.000Z"	
"2020-07-15"	2301	0	1142.142857142857	0.14285714285714285	0.00012507817385866166	4.2988351173530317e-7	0.002196702058576121	"2020-07-15T04:00:00.000Z"	
"2020-07-16"	1011	0	1131.857142857143	0	0	4.3368022975426467e-7	0.002216081753395103	"2020-07-16T04:00:00.000Z"	
"2020-07-17"	1032	0	1106.2857142857142	0	0	4.4387293746142636e-7	0.0022681068172564992	"2020-07-17T04:00:00.000Z"	
"2020-07-18"	886	0	1129.857142857143	0	0	4.344476353970399e-7	0.0022199987979325364	"2020-07-18T04:00:00.000Z"	
"2020-07-19"	669	0	1160.142857142857	0	0	4.232143445623118e-7	0.002162659529342342	"2020-07-19T04:00:00.000Z"	
"2020-07-20"	1161	0	1153	0	0	4.257831714796233e-7	0.002175772153490488	"2020-07-20T04:00:00.000Z"	
"2020-07-21"	1538	0	1228.2857142857142	0	0	3.997837982974867e-7	0.002043049922584574	"2020-07-21T04:00:00.000Z"	
"2020-07-22"	1459	0	1108	0	0	4.4307190372759434e-7	0.0022640183226961016	"2020-07-22T04:00:00.000Z"	
"2020-07-23"	1050	0	1113.5714285714287	0	0	4.4068605611592276e-7	0.002251840802431974	"2020-07-23T04:00:00.000Z"	
"2020-07-24"	984	0	1106.7142857142858	0	0	4.4347205887260756e-7	0.002266060725832462	"2020-07-24T04:00:00.000Z"	
"2020-07-25"	777	0	1091.142857142857	0	0	4.49974281988779e-7	0.0022992476701040585	"2020-07-25T04:00:00.000Z"	
"2020-07-26"	505	0	1067.7142857142858	0	0	4.5966246878606524e-7	0.002348693528254013	"2020-07-26T04:00:00.000Z"	
"2020-07-27"	1425	0	1105.4285714285713	0	0	4.442745414568525e-7	0.0022701566069684848	"2020-07-27T04:00:00.000Z"	
"2020-07-28"	1093	0	1041.857142857143	0	0	4.711292192727464e-7	0.002407213523115763	"2020-07-28T04:00:00.000Z"	
"2020-07-29"	1160	0	999.1428571428571	0	0	4.914029747987683e-7	0.0025106712342883503	"2020-07-29T04:00:00.000Z"	
"2020-07-30"	1102	0	1006.5714285714286	0	0	4.875000484161911e-7	0.0024907552930558997	"2020-07-30T04:00:00.000Z"	
"2020-07-31"	1037	0	1014.1428571428571	0	0	4.841354940129547e-7	0.0024735862494216746	"2020-07-31T04:00:00.000Z"	
"2020-08-01"	1003	0	1046.4285714285713	0	0	4.693280089232256e-7	0.0023980213622901586	"2020-08-01T04:00:00.000Z"	
"2020-08-02"	861	0	1097.2857142857142	0	0	4.4751372610249017e-7	0.0022866892749903852	"2020-08-02T04:00:00.000Z"	
"2020-08-03"	1519	0	1110.7142857142858	0	0	4.418757594326622e-7	0.0022579131435465608	"2020-08-03T04:00:00.000Z"	
"2020-08-04"	1323	0	1143.5714285714287	0	0	4.291321315315674e-7	0.00219286672280747	"2020-08-04T04:00:00.000Z"	
"2020-08-05"	1319	0	1166.2857142857142	0	0	4.210370365971227e-7	0.002151545285953353	"2020-08-05T04:00:00.000Z"	
"2020-08-06"	1451	0	1216.142857142857	0	0	4.037282212442222e-7	0.0020631866443367388	"2020-08-06T04:00:00.000Z"	
"2020-08-07"	1182	0	1236.857142857143	0	0	3.9687569296377043e-7	0.00202820345834561	"2020-08-07T04:00:00.000Z"	
"2020-08-08"	755	0	1201.4285714285713	0	0	4.0876957135470564e-7	0.00208892271087818	"2020-08-08T04:00:00.000Z"	
"2020-08-09"	804	0	1193.2857142857142	0	0	4.1151011671785974e-7	0.0021029129025019696	"2020-08-09T04:00:00.000Z"	
"2020-08-10"	1814	0	1235.4285714285713	0	0	3.9751827640587534e-7	0.0020314839954179926	"2020-08-10T04:00:00.000Z"	
"2020-08-11"	1431	0	1250.857142857143	0	0	3.924351268192771e-7	0.0020055330465129917	"2020-08-11T04:00:00.000Z"	
"2020-08-12"	1292	0	1247	0	0	3.936936877625041e-7	0.002011958427004381	"2020-08-12T04:00:00.000Z"	
"2020-08-13"	1313	0	1227.2857142857142	0	0	4.0010955401352126e-7	0.0020447129574557264	"2020-08-13T04:00:00.000Z"	
"2020-08-14"	1177	0	1226.5714285714287	0	0	4.0010955401352126e-7	0.0020447129574557264	"2020-08-14T04:00:00.000Z"	
"2020-08-15"	1504	0	1333.5714285714287	0	0	3.6802282901185605e-7	0.0018808918028813473	"2020-08-15T04:00:00.000Z"	
"2020-08-16"	601	0	1304.5714285714287	0	0	3.761995458448011e-7	0.0019226411900961607	"2020-08-16T04:00:00.000Z"	
"2020-08-17"	1781	0	1299.857142857143	0	0	3.7764618864786245e-7	0.0019300274021052625	"2020-08-17T04:00:00.000Z"	
"2020-08-18"	1288	2	1279.4285714285713	0.2857142857142857	0.0002233139794551139	3.838455774616124e-7	0.0019616793790708264	"2020-08-18T04:00:00.000Z"	
"2020-08-19"	1185	1	1264.142857142857	0.42857142857142855	0.00033902135834557577	3.8839980512037984e-7	0.0019849310815947293	"2020-08-19T04:00:00.000Z"	
"2020-08-20"	1364	1	1271.4285714285713	0.5714285714285714	0.00044943820224719103	0.00008490502801586536	0.003671545309298585	"2020-08-20T04:00:00.000Z"	
"2020-08-21"	1164	0	1269.5714285714287	0.5714285714285714	0.0004500956453246314	0.00008497189269496802	0.003674431540678702	"2020-08-21T04:00:00.000Z"	
"2020-08-22"	594	1	1139.5714285714287	0.7142857142857143	0.0006268020559107434	0.0000946633373708708	0.004092678918673265	"2020-08-22T04:00:00.000Z"	
"2020-08-23"	517	0	1127.5714285714287	0.7142857142857143	0.0006334726973267452	0.00009567056929675274	0.004136137532372963	"2020-08-23T04:00:00.000Z"	
"2020-08-24"	1554	1	1095.142857142857	0.8571428571428571	0.0007826767545003914	0.00009855430849697293	0.004260550775194161	"2020-08-24T04:00:00.000Z"	
"2020-08-25"	1148	5	1075.142857142857	1.2857142857142858	0.0011958543715120916	0.00010038821164973531	0.004339663013546491	"2020-08-25T04:00:00.000Z"	
"2020-08-26"	1287	3	1089.7142857142858	1.5714285714285714	0.0014420555846879914	0.0003814795637820181	0.005873209865735918	"2020-08-26T04:00:00.000Z"	
"2020-08-27"	1245	0	1072.7142857142858	1.4285714285714286	0.0013317352510320948	0.00010057536275233032	0.004347736127680246	"2020-08-27T04:00:00.000Z"	
"2020-08-28"	1162	2	1072.4285714285713	1.7142857142857142	0.0015985080591447982	0.00038788824815851996	0.005971601103354263	"2020-08-28T04:00:00.000Z"	
"2020-08-29"	721	0	1090.5714285714287	1.5714285714285714	0.001440922190201729	0.0003811297293265712	0.005867838665889469	"2020-08-29T04:00:00.000Z"	
"2020-08-30"	796	0	1130.4285714285713	1.5714285714285714	0.0013901175281182865	0.00036796937497732404	0.005665760834206668	"2020-08-30T04:00:00.000Z"	
"2020-08-31"	2056	1	1202.142857142857	1.5714285714285714	0.00130718954248366	0.0003459179940123615	0.005327074803043508	"2020-08-31T04:00:00.000Z"	
"2020-09-01"	1341	7	1229.7142857142858	1.8571428571428572	0.0015102230483271374	0.00033803996290241426	0.005206050379808702	"2020-09-01T04:00:00.000Z"	
"2020-09-02"	1143	4	1209.142857142857	2	0.0016540642722117202	0.0003439142610571085	0.00529629422630995	"2020-09-02T04:00:00.000Z"	
"2020-09-03"	1249	9	1209.7142857142858	3.2857142857142856	0.00271610769957487	0.0006987711849727348	0.006601804997105831	"2020-09-03T04:00:00.000Z"	
"2020-09-04"	1056	18	1194.5714285714287	5.571428571428571	0.004663955991389619	0.0020983441815758098	0.010319911265279202	"2020-09-04T04:00:00.000Z"	
"2020-09-05"	575	3	1173.7142857142858	6	0.005111976630963973	0.0021359264913807007	0.010503968796716445	"2020-09-05T04:00:00.000Z"	
"2020-09-06"	348	1	1109.7142857142858	6.142857142857143	0.005535530381050463	0.002259245760102702	0.011107727391537758	"2020-09-06T04:00:00.000Z"	
"2020-09-07"	1322	5	1004.8571428571429	6.714285714285714	0.0066818311060562975	0.003120729280410324	0.013626574582874196	"2020-09-07T04:00:00.000Z"	
"2020-09-08"	1043	4	962.2857142857143	6.285714285714286	0.006532066508313538	0.0026073652921299725	0.012810502096816556	"2020-09-08T04:00:00.000Z"	
"2020-09-09"	1817	7	1058.5714285714287	6.714285714285714	0.006342780026990553	0.0029613444046139264	0.0129341159053884	"2020-09-09T04:00:00.000Z"	
"2020-09-10"	2048	4	1172.7142857142858	6	0.005116335729077841	0.002137749733393854	0.010512897342108918	"2020-09-10T04:00:00.000Z"	
"2020-09-11"	1161	7	1187.7142857142858	4.428571428571429	0.0037286504690882847	0.0011375575133384325	0.007985980208745525	"2020-09-11T04:00:00.000Z"	
"2020-09-12"	447	1	1169.4285714285713	4.142857142857143	0.003542633764964574	0.0011560635112428989	0.008115444122973936	"2020-09-12T04:00:00.000Z"	
"2020-09-13"	395	0	1176.142857142857	4	0.0034009474067776026	0.0011491758768175128	0.008067261431396355	"2020-09-13T04:00:00.000Z"	
"2020-09-14"	1930	3	1263	3.7142857142857144	0.0029408437959506845	0.0010699489782613144	0.007512882519569719	"2020-09-14T04:00:00.000Z"	
"2020-09-15"	2288	9	1440.857142857143	4.428571428571429	0.003073567321039064	0.0009376844006153121	0.006586788036344826	"2020-09-15T04:00:00.000Z"	
"2020-09-16"	2044	6	1473.2857142857142	4.285714285714286	0.002908949869097256	0.0009172989036805341	0.006443986306958527	"2020-09-16T04:00:00.000Z"	
"2020-09-17"	1172	7	1348.142857142857	4.714285714285714	0.0034968740065698845	0.0014166999990703538	0.008111116485545633	"2020-09-17T04:00:00.000Z"	
"2020-09-18"	1385	13	1380.142857142857	5.571428571428571	0.004036849187454714	0.001816738205580928	0.008939891703042768	"2020-09-18T04:00:00.000Z"	
"2020-09-19"	887	2	1443	5.714285714285714	0.00396000396000396	0.0017373385989446575	0.008550514328084069	"2020-09-19T04:00:00.000Z"	
"2020-09-20"	798	0	1500.5714285714287	5.714285714285714	0.003808073115003808	0.0016701390965942863	0.008220871301115484	"2020-09-20T04:00:00.000Z"	
"2020-09-21"	2638	7	1601.7142857142858	6.285714285714286	0.00392436674991081	0.0015647444952511572	0.007703688680538945	"2020-09-21T04:00:00.000Z"	
"2020-09-22"	1217	3	1448.7142857142858	5.428571428571429	0.003747164973868455	0.0013178628841145857	0.007547006601455575	"2020-09-22T04:00:00.000Z"	
"2020-09-23"	1549	5	1378	5.285714285714286	0.003835786854654779	0.0013858283957992642	0.007934946155914835	"2020-09-23T04:00:00.000Z"	
"2020-09-24"	2792	2	1609.4285714285713	4.571428571428571	0.002840404757677969	0.0011867079643518134	0.0067980350480352225	"2020-09-24T04:00:00.000Z"	
"2020-09-25"	1486	5	1623.857142857143	3.4285714285714284	0.0021113750329902346	0.0005205452697588653	0.004921686910448031	"2020-09-25T04:00:00.000Z"	
"2020-09-26"	717	5	1599.5714285714287	3.857142857142857	0.002411360185764044	0.0008444393047287825	0.00593345618574348	"2020-09-26T04:00:00.000Z"	
"2020-09-27"	1126	1	1646.4285714285713	4	0.0024295010845986984	0.0008208247141519212	0.005767939540333611	"2020-09-27T04:00:00.000Z"	
"2020-09-28"	1502	13	1484.142857142857	4.857142857142857	0.0032726922706709017	0.0012867540066689616	0.007369398839802366	"2020-09-28T04:00:00.000Z"	
"2020-09-29"	1456	12	1518.2857142857142	6.142857142857143	0.0040459164471208136	0.0016514167967642721	0.00812901465793947	"2020-09-29T04:00:00.000Z"	
"2020-09-30"	1393	4	1496	6	0.004010695187165776	0.001675726715522656	0.00824828435047309	"2020-09-30T04:00:00.000Z"	
"2020-10-01"	2309	4	1427	6.285714285714286	0.004404845329862849	0.0017568387204069604	0.008646154631645753	"2020-10-01T04:00:00.000Z"	
"2020-10-02"	1543	7	1435.142857142857	6.571428571428571	0.004578936890304599	0.002184496282939704	0.009553677513260861	"2020-10-02T04:00:00.000Z"	
"2020-10-03"	1323	0	1521.7142857142858	5.857142857142857	0.00384904243334585	0.0016470723917509937	0.008107698868440094	"2020-10-03T04:00:00.000Z"	
"2020-10-04"	786	2	1473.142857142857	6	0.004072924747866563	0.0017019188458420383	0.008376775789045277	"2020-10-04T04:00:00.000Z"	
"2020-10-05"	2939	9	1678.4285714285713	5.428571428571429	0.0032343178142820667	0.0011378723151061227	0.0065190356727190535	"2020-10-05T04:00:00.000Z"	
"2020-10-06"	2414	1	1815.2857142857142	3.857142857142857	0.0021248130951444085	0.0007443499732545785	0.005231759452653417	"2020-10-06T04:00:00.000Z"	
"2020-10-07"	2269	5	1940.4285714285713	4	0.0020614002797614667	0.0006963626682372743	0.004895184006751374	"2020-10-07T04:00:00.000Z"	
"2020-10-08"	1900	4	1882	4	0.0021253985122210413	0.0007178356412306115	0.005045804149855115	"2020-10-08T04:00:00.000Z"	
"2020-10-09"	1818	11	1921.2857142857142	4.571428571428571	0.0023793590601531712	0.000993838033419224	0.0056957871789564685	"2020-10-09T04:00:00.000Z"	
"2020-10-10"	995	10	1874.4285714285713	6	0.0032009755354012654	0.001337449182993592	0.006587594689010601	"2020-10-10T04:00:00.000Z"	
"2020-10-11"	1158	0	1927.5714285714287	5.714285714285714	0.002964500111168754	0.0012999603463367691	0.006403416229657566	"2020-10-11T04:00:00.000Z"	
"2020-10-12"	3473	12	2003.857142857143	6.142857142857143	0.003065516503885364	0.00125062353364537	0.006160988518535082	"2020-10-12T04:00:00.000Z"	
"2020-10-13"	1771	8	1912	7.142857142857143	0.0037358039450089663	0.0016390333662137174	0.0071747762346897614	"2020-10-13T04:00:00.000Z"	
"2020-10-14"	2100	16	1887.857142857143	8.714285714285714	0.004615966704502459	0.002361250261049913	0.008682042430297132	"2020-10-14T04:00:00.000Z"	
"2020-10-15"	4244	18	2222.714285714286	10.714285714285714	0.004820361205733016	0.002631762702602304	0.008547576063992257	"2020-10-15T04:00:00.000Z"	
"2020-10-16"	1837	9	2225.4285714285716	10.428571428571429	0.004686095776094492	0.0023130310970669145	0.007958022753029925	"2020-10-16T04:00:00.000Z"	
"2020-10-17"	1298	0	2268.714285714286	9	0.003967004596687866	0.0019644055187631668	0.007226743911745825	"2020-10-17T04:00:00.000Z"	
"2020-10-18"	960	2	2240.4285714285716	9.285714285714286	0.004144615188420583	0.00198986058463569	0.007320138717702984	"2020-10-18T04:00:00.000Z"	
"2020-10-19"	2712	8	2131.714285714286	8.714285714285714	0.004087923870794799	0.0020907561895708777	0.007690262426285344	"2020-10-19T04:00:00.000Z"	
"2020-10-20"	2702	9	2264.714285714286	8.857142857142858	0.003910931684854602	0.001967877774357672	0.007239484017483089	"2020-10-20T04:00:00.000Z"	
"2020-10-21"	3494	12	2463.8571428571427	8.285714285714286	0.0033629036933959535	0.001536100085439602	0.0061169828211631305	"2020-10-21T04:00:00.000Z"	
"2020-10-22"	3261	17	2323.4285714285716	8.142857142857142	0.003504672897196261	0.0016294120983864186	0.0064876601014489665	"2020-10-22T04:00:00.000Z"	
"2020-10-23"	2015	21	2348.8571428571427	9.857142857142858	0.004196569760369785	0.0021908162541414106	0.007538669068985482	"2020-10-23T04:00:00.000Z"	
"2020-10-24"	1659	6	2400.4285714285716	10.714285714285714	0.004463488662738796	0.00243748139722667	0.007918315345756377	"2020-10-24T04:00:00.000Z"	
"2020-10-25"	896	0	2391.285714285714	10.428571428571429	0.004361072943425534	0.0021522974885334165	0.00740647423229801	"2020-10-25T04:00:00.000Z"	
"2020-10-26"	4632	14	2665.5714285714284	11.285714285714286	0.004233881772871001	0.002194068912909441	0.007129532766519842	"2020-10-26T04:00:00.000Z"	
"2020-10-27"	2193	15	2592.8571428571427	12.142857142857142	0.004683195592286501	0.0025322486470518322	0.00782439692896919	"2020-10-27T04:00:00.000Z"	
"2020-10-28"	1419	21	2296.4285714285716	13.428571428571429	0.005847589424572317	0.003177257396737031	0.00938783598786197	"2020-10-28T04:00:00.000Z"	
"2020-10-29"	2346	18	2165.714285714286	13.571428571428571	0.006266490765171504	0.0037090052995202272	0.010531736461767305	"2020-10-29T04:00:00.000Z"	
"2020-10-30"	2442	18	2226.714285714286	13.142857142857142	0.0059023545262077365	0.003275815219925237	0.009678107727955854	"2020-10-30T04:00:00.000Z"	
"2020-10-31"	1288	17	2173.714285714286	14.714285714285714	0.00676919032597266	0.0040390795955501735	0.011068356129257162	"2020-10-31T04:00:00.000Z"	
"2020-11-01"	2621	3	2420.1428571428573	15.142857142857142	0.0062570096216280026	0.003628007436544189	0.009945466382089152	"2020-11-01T04:00:00.000Z"	
"2020-11-02"	5509	36	2545.4285714285716	18.285714285714285	0.007183746772926254	0.004348468375486636	0.010914523402636545	"2020-11-02T05:00:00.000Z"	
"2020-11-03"	2679	27	2614.8571428571427	20	0.007648601398601399	0.004827504204013502	0.011555582152173338	"2020-11-03T05:00:00.000Z"	
"2020-11-04"	3702	36	2941	22.142857142857142	0.0075290231699616265	0.0048285512481768215	0.011099200572254553	"2020-11-04T05:00:00.000Z"	
"2020-11-05"	3453	25	3099.1428571428573	23.142857142857142	0.007467502535263206	0.004839085546564857	0.010922189535921834	"2020-11-05T05:00:00.000Z"	
"2020-11-06"	2812	27	3152	24.428571428571427	0.007750181290790427	0.005011688171010466	0.011118814005302236	"2020-11-06T05:00:00.000Z"	
"2020-11-07"	2145	9	3274.4285714285716	23.285714285714285	0.007111382574931285	0.004580131093635312	0.010339402990174329	"2020-11-07T05:00:00.000Z"	
"2020-11-08"	3023	1	3331.8571428571427	23	0.006903057068130172	0.004500314563388642	0.01015973437070894	"2020-11-08T05:00:00.000Z"	
"2020-11-09"	4991	9	3257.8571428571427	19.142857142857142	0.005875904406928306	0.0036339169374493825	0.008905132734456034	"2020-11-09T05:00:00.000Z"	
"2020-11-10"	2931	11	3293.8571428571427	16.857142857142858	0.005117751658932212	0.0031252006077627757	0.008063411860117164	"2020-11-10T05:00:00.000Z"	
"2020-11-11"	3357	19	3244.5714285714284	14.428571428571429	0.0044469883761887995	0.002474674296568356	0.007034874554987747	"2020-11-11T05:00:00.000Z"	
"2020-11-12"	3767	34	3289.4285714285716	15.714285714285714	0.004777208373143402	0.002898145369180606	0.007699759686431884	"2020-11-12T05:00:00.000Z"	
"2020-11-13"	3663	27	3411	15.714285714285714	0.0046069439209280895	0.0027943973821746696	0.007424763987698868	"2020-11-13T05:00:00.000Z"	
"2020-11-14"	3337	2	3581.285714285714	14.714285714285714	0.004108660098129164	0.002450823163070267	0.006725374017997887	"2020-11-14T05:00:00.000Z"	
"2020-11-15"	4223	5	3752.714285714286	15.285714285714286	0.004073242224675473	0.002338415965920781	0.006417545543049408	"2020-11-15T05:00:00.000Z"	
"2020-11-16"	4393	8	3667.285714285714	15.142857142857142	0.00412917299676678	0.002393300421099856	0.006567854866115885	"2020-11-16T05:00:00.000Z"	
"2020-11-17"	2907	10	3663.8571428571427	15	0.004094046087261668	0.0023952615373618908	0.0065732254100033805	"2020-11-17T05:00:00.000Z"	
"2020-11-18"	3868	40	3736.8571428571427	18	0.0048168820246196195	0.002960226318335955	0.007437916784165943	"2020-11-18T05:00:00.000Z"	
"2020-11-19"	2170	44	3508.714285714286	19.428571428571427	0.0055372338259842835	0.003373733614076218	0.008269105970618473	"2020-11-19T05:00:00.000Z"	
"2020-11-20"	2582	36	3354.285714285714	20.714285714285715	0.006175468483816014	0.003997290059804613	0.009374936126750333	"2020-11-20T05:00:00.000Z"	
"2020-11-21"	1725	10	3124	21.857142857142858	0.006996524602158405	0.004545368122361385	0.01045019260462099	"2020-11-21T05:00:00.000Z"	
"2020-11-22"	2112	3	2822.4285714285716	21.571428571428573	0.007642860758212279	0.00503243002179838	0.01156630731249264	"2020-11-22T05:00:00.000Z"	
"2020-11-23"	5039	34	2914.714285714286	25.285714285714285	0.008675194824290544	0.005695879129527465	0.012430329887510805	"2020-11-23T05:00:00.000Z"	
"2020-11-24"	3191	65	2955.285714285714	33.142857142857146	0.011214772562478853	0.007840045676700868	0.015450726770210421	"2020-11-24T05:00:00.000Z"	
"2020-11-25"	2248	30	2723.8571428571427	31.714285714285715	0.011643153091729168	0.00820092167355196	0.016329415249643597	"2020-11-25T05:00:00.000Z"	
"2020-11-26"	1674	15	2653	27.571428571428573	0.010392547520327393	0.007178250776214955	0.014995477642073762	"2020-11-26T05:00:00.000Z"	
"2020-11-27"	2092	14	2583	24.428571428571427	0.009457441513190641	0.006117354161449697	0.01356261663468894	"2020-11-27T05:00:00.000Z"	
"2020-11-28"	1327	5	2526.1428571428573	23.714285714285715	0.009387547361872984	0.006255606401950006	0.01386795551625164	"2020-11-28T05:00:00.000Z"	
"2020-11-29"	1270	6	2405.8571428571427	24.142857142857142	0.010035033549076658	0.006568110330367801	0.014557949006093973	"2020-11-29T05:00:00.000Z"	
"2020-11-30"	6023	26	2546.4285714285716	23	0.009032258064516128	0.0058917120400177065	0.013289195279152954	"2020-11-30T05:00:00.000Z"	
"2020-12-01"	2738	73	2481.714285714286	24.142857142857142	0.009728298411236472	0.006366677035298868	0.014113224468050745	"2020-12-01T05:00:00.000Z"	
"2020-12-02"	2756	21	2554.285714285714	22.857142857142858	0.008948545861297539	0.005873229865413318	0.013247662287125372	"2020-12-02T05:00:00.000Z"	
"2020-12-03"	2818	26	2717.714285714286	24.428571428571427	0.008988645920941967	0.005813078130951693	0.01289042069993429	"2020-12-03T05:00:00.000Z"	
"2020-12-04"	2531	22	2780.4285714285716	25.571428571428573	0.009196937779376253	0.0062638924704598925	0.013460406236116329	"2020-12-04T05:00:00.000Z"	
"2020-12-05"	1478	16	2802	27.142857142857142	0.00968695829509534	0.006504678427097649	0.01377801727188166	"2020-12-05T05:00:00.000Z"	
"2020-12-06"	1587	21	2847.285714285714	29.285714285714285	0.010285484922984296	0.006976197658141064	0.01438990576626964	"2020-12-06T05:00:00.000Z"	
"2020-12-07"	7810	70	3102.5714285714284	35.57142857142857	0.011465144120084722	0.008273712875675892	0.01583912131115739	"2020-12-07T05:00:00.000Z"	
"2020-12-08"	2881	32	3123	29.714285714285715	0.009514660811490784	0.00662213498034841	0.01349727859814831	"2020-12-08T05:00:00.000Z"	
"2020-12-09"	3136	59	3177.285714285714	35.142857142857146	0.011060653747583294	0.00781683879438982	0.015105865413368336	"2020-12-09T05:00:00.000Z"	
"2020-12-10"	4357	47	3397.1428571428573	38.142857142857146	0.011227922624053827	0.008052045432303572	0.015152203564956834	"2020-12-10T05:00:00.000Z"	
"2020-12-11"	3854	33	3586.1428571428573	39.714285714285715	0.01107437358084691	0.00809867089864741	0.014998165825953924	"2020-12-11T05:00:00.000Z"	
"2020-12-12"	2350	17	3710.714285714286	39.857142857142854	0.010741097208854668	0.007825489786873831	0.014493957043380079	"2020-12-12T05:00:00.000Z"	
"2020-12-13"	2238	11	3803.714285714286	38.42857142857143	0.010102906933072937	0.007189375211488685	0.013534042803226232	"2020-12-13T05:00:00.000Z"	
"2020-12-14"	9811	70	4089.5714285714284	38.42857142857143	0.009396723373039439	0.0066860166892321014	0.01258928797428882	"2020-12-14T05:00:00.000Z"	
"2020-12-15"	5924	83	4524.285714285715	45.714285714285715	0.010104199557941269	0.007548345269642055	0.013413553859062177	"2020-12-15T05:00:00.000Z"	
"2020-12-16"	4135	22	4667	40.42857142857143	0.008662646545654903	0.0062206836991666545	0.011529575478800402	"2020-12-16T05:00:00.000Z"	
"2020-12-17"	4440	60	4678.857142857143	42.285714285714285	0.00903761602344895	0.006567630073346887	0.011991522822756395	"2020-12-17T05:00:00.000Z"	
"2020-12-18"	4421	72	4759.857142857143	47.857142857142854	0.010054323359044388	0.007534633627992905	0.013228451025359522	"2020-12-18T05:00:00.000Z"	
"2020-12-19"	2840	12	4829.857142857143	47.142857142857146	0.009760714602620605	0.007247273648794491	0.012801231254799705	"2020-12-19T05:00:00.000Z"	
"2020-12-20"	2775	17	4906.571428571428	48	0.009782798579164968	0.00730864694522612	0.01283279501754242	"2020-12-20T05:00:00.000Z"	
"2020-12-21"	8464	107	4714.142857142857	53.285714285714285	0.011303372829479682	0.008524869858719204	0.01456079703201485	"2020-12-21T05:00:00.000Z"	
"2020-12-22"	3844	79	4417	52.714285714285715	0.011934409262912773	0.009098891631091425	0.01553805729796065	"2020-12-22T05:00:00.000Z"	
"2020-12-23"	3556	66	4334.285714285715	59	0.013612392880685562	0.010479674473113904	0.017395799843198945	"2020-12-23T05:00:00.000Z"	
"2020-12-24"	3275	81	4167.857142857143	62	0.014875749785775492	0.011528574521733066	0.018894908877154726	"2020-12-24T05:00:00.000Z"	
"2020-12-25"	1676	29	3775.714285714286	55.857142857142854	0.014793794930003783	0.011337120793059317	0.019066747610713364	"2020-12-25T05:00:00.000Z"	
"2020-12-26"	4220	31	3972.8571428571427	58.57142857142857	0.01474289823804387	0.011433481197985321	0.018973029438962064	"2020-12-26T05:00:00.000Z"	
"2020-12-27"	3931	40	4138	61.857142857142854	0.014948560381136504	0.011612293056189476	0.01903160448642327	"2020-12-27T05:00:00.000Z"	
"2020-12-28"	9760	133	4323.142857142857	65.57142857142857	0.01516753684488798	0.01192875522847423	0.019253982826586746	"2020-12-28T05:00:00.000Z"	
"2020-12-29"	6131	150	4649.857142857143	75.71428571428571	0.01628314233924237	0.012994011848130297	0.020295682351163524	"2020-12-29T05:00:00.000Z"	
"2020-12-30"	4638	88	4804.428571428572	78.85714285714286	0.01641342808718147	0.013133259505890265	0.02033813736748802	"2020-12-30T05:00:00.000Z"	
"2020-12-31"	3978	60	4904.857142857143	75.85714285714286	0.015465719112250248	0.012317427837721618	0.01924262073081462	"2020-12-31T05:00:00.000Z"	
"2021-01-01"	2554	33	5030.285714285715	76.42857142857143	0.015193683971373394	0.012010863010557475	0.018765337002049964	"2021-01-01T05:00:00.000Z"	
"2021-01-02"	4780	56	5110.285714285715	80	0.01565470200156547	0.012520235623093992	0.01933910416824458	"2021-01-02T05:00:00.000Z"	
"2021-01-03"	4352	37	5170.428571428572	79.57142857142857	0.015389716243472493	0.012374711684830278	0.019115092288205626	"2021-01-03T05:00:00.000Z"	
"2021-01-04"	12291	218	5532	91.71428571428571	0.01657886581964673	0.01350838980207329	0.020258035226171422	"2021-01-04T05:00:00.000Z"	
"2021-01-05"	7076	161	5667	93.28571428571429	0.016461216567092693	0.013344979002696747	0.019970208439783033	"2021-01-05T05:00:00.000Z"	
"2021-01-06"	5394	130	5775	99.28571428571429	0.017192331478045764	0.014032376085903714	0.020736980090293566	"2021-01-06T05:00:00.000Z"	
"2021-01-07"	5686	90	6019	103.57142857142857	0.01720741461562196	0.014214398874407709	0.02080675733447912	"2021-01-07T05:00:00.000Z"	
"2021-01-08"	5823	95	6486	112.42857142857143	0.017334038148099203	0.014309189342572581	0.02065728309463788	"2021-01-08T05:00:00.000Z"	
"2021-01-09"	5021	45	6520.428571428572	110.85714285714286	0.017001511732357647	0.014094997082192124	0.020382601254764876	"2021-01-09T05:00:00.000Z"	
"2021-01-10"	3892	45	6454.714285714285	112	0.017351658809729324	0.01437801008430914	0.020756313299349016	"2021-01-10T05:00:00.000Z"	
"2021-01-11"	12171	165	6437.571428571428	104.42857142857143	0.016221734016820897	0.013287982391953583	0.019454932932381652	"2021-01-11T05:00:00.000Z"	
"2021-01-12"	8109	117	6585.142857142857	98.14285714285714	0.014903679278028463	0.012166805800104012	0.01802395843519744	"2021-01-12T05:00:00.000Z"	
"2021-01-13"	6530	131	6747.428571428572	98.28571428571429	0.01456639566395664	0.011874290948655131	0.017591881368339002	"2021-01-13T05:00:00.000Z"	
"2021-01-14"	6960	100	6929.428571428572	99.71428571428571	0.0143899723745516	0.011822760029387301	0.017446809162343646	"2021-01-14T05:00:00.000Z"	
"2021-01-15"	11486	105	7738.428571428572	101.14285714285714	0.013070206206501874	0.010702102079652106	0.015766869418997076	"2021-01-15T05:00:00.000Z"	
"2021-01-16"	5742	55	7841.428571428572	102.57142857142857	0.013080706868282018	0.010792115025089788	0.015839239426947538	"2021-01-16T05:00:00.000Z"	
"2021-01-17"	4845	30	7977.571428571428	100.42857142857143	0.012588865211396237	0.01026649000647161	0.015155909224074282	"2021-01-17T05:00:00.000Z"	
"2021-01-18"	12717	118	8055.571428571428	93.71428571428571	0.011633474613843125	0.009495084602346916	0.014192208346729296	"2021-01-18T05:00:00.000Z"	
"2021-01-19"	8224	71	8072	87.14285714285714	0.010795695879937704	0.008697012478768796	0.013209562045779277	"2021-01-19T05:00:00.000Z"	
"2021-01-20"	7627	70	8228.714285714286	78.42857142857143	0.009531084529782468	0.007553603370563328	0.011748525533615384	"2021-01-20T05:00:00.000Z"	
"2021-01-21"	7018	109	8237	79.71428571428571	0.009677587193673147	0.007762660262009593	0.01200617678076732	"2021-01-21T05:00:00.000Z"	
"2021-01-22"	7112	111	7612.142857142857	80.57142857142857	0.010584592286759877	0.008517922972938187	0.01313611238051604	"2021-01-22T05:00:00.000Z"	
"2021-01-23"	4365	38	7415.428571428572	78.14285714285714	0.010537874701394775	0.008383684794791678	0.013036563943554347	"2021-01-23T05:00:00.000Z"	
"2021-01-24"	3995	59	7294	82.28571428571429	0.01128128794704062	0.009012133101230974	0.013859684389227578	"2021-01-24T05:00:00.000Z"	
"2021-01-25"	13319	137	7380	85	0.011517615176151762	0.009270590408815265	0.014147499968595767	"2021-01-25T05:00:00.000Z"	
"2021-01-26"	9333	112	7538.428571428572	90.85714285714286	0.012052530841971613	0.009790205591467923	0.014728554541826977	"2021-01-26T05:00:00.000Z"	
"2021-01-27"	9623	125	7823.571428571428	98.71428571428571	0.012617547703825435	0.010353322806082454	0.01531375152726644	"2021-01-27T05:00:00.000Z"	
"2021-01-28"	9247	97	8142	97	0.011913534758044707	0.009726791928836158	0.014447055110345275	"2021-01-28T05:00:00.000Z"	
"2021-01-29"	9022	102	8414.857142857143	95.71428571428571	0.011374439766399564	0.009303738811504455	0.013848535486003177	"2021-01-29T05:00:00.000Z"	
"2021-01-30"	6080	58	8659.857142857143	98.57142857142857	0.011382569821343143	0.009352834993820093	0.01383726976213695	"2021-01-30T05:00:00.000Z"	
"2021-01-31"	4833	33	8779.57142857143	94.85714285714286	0.010804302195030672	0.00881393699358974	0.013148454420904176	"2021-01-31T05:00:00.000Z"	
"2021-02-01"	11997	139	8590.714285714286	95.14285714285714	0.011075081067597903	0.009008036717720814	0.01343736069326218	"2021-02-01T05:00:00.000Z"	
"2021-02-02"	9203	170	8572.142857142857	103.42857142857143	0.012065661194900426	0.009870817199377277	0.014490239250791181	"2021-02-02T05:00:00.000Z"	
"2021-02-03"	8462	128	8406.285714285714	103.85714285714286	0.01235470056420366	0.010173650136007815	0.014906164016380785	"2021-02-03T05:00:00.000Z"	
"2021-02-04"	7811	101	8201.142857142857	104.42857142857143	0.012733416945373468	0.010428242521590247	0.015278270866479593	"2021-02-04T05:00:00.000Z"	
"2021-02-05"	7094	140	7925.714285714285	109.85714285714286	0.013860850757029562	0.011477066862770332	0.016634495516253955	"2021-02-05T05:00:00.000Z"	
"2021-02-06"	4940	53	7762.857142857143	109.14285714285714	0.014059624585940374	0.011601360325589782	0.016842705219548892	"2021-02-06T05:00:00.000Z"	
"2021-02-07"	4664	51	7738.714285714285	111.71428571428571	0.01443576821546584	0.011989586104998212	0.01731766510750643	"2021-02-07T05:00:00.000Z"	
"2021-02-08"	13261	244	7919.285714285715	126.71428571428571	0.01600072156579778	0.01344447553864312	0.018983850382846335	"2021-02-08T05:00:00.000Z"	
"2021-02-09"	10262	154	8070.571428571428	124.42857142857143	0.01541756646723546	0.012851092665129626	0.018223593932731097	"2021-02-09T05:00:00.000Z"	
"2021-02-10"	9747	142	8254.142857142857	126.42857142857143	0.015316983679191402	0.012787325320950317	0.018083088125979474	"2021-02-10T05:00:00.000Z"	
"2021-02-11"	8894	221	8408.857142857143	143.57142857142858	0.01707383371275186	0.014515160897359004	0.020066094402613532	"2021-02-11T05:00:00.000Z"	
"2021-02-12"	8599	143	8623.857142857143	144	0.016697864727417296	0.014152834405666262	0.019566583277634386	"2021-02-12T05:00:00.000Z"	
"2021-02-13"	5286	81	8673.285714285714	148	0.01706389076474561	0.014497417602182858	0.019953656173407053	"2021-02-13T05:00:00.000Z"	
"2021-02-14"	5115	50	8737.714285714286	147.85714285714286	0.016921718658034136	0.014389438060055252	0.01980544644845228	"2021-02-14T05:00:00.000Z"	
"2021-02-15"	24667	328	10367.142857142857	159.85714285714286	0.015419594873914842	0.013193903323815816	0.017943720235437666	"2021-02-15T05:00:00.000Z"	
"2021-02-16"	10745	178	10436.142857142857	163.28571428571428	0.01564617469508439	0.013372335969683985	0.018134245895595202	"2021-02-16T05:00:00.000Z"	
"2021-02-17"	9316	170	10374.57142857143	167.28571428571428	0.016124590344523695	0.01380780882985707	0.018654836297767097	"2021-02-17T05:00:00.000Z"	
"2021-02-18"	8860	162	10369.714285714286	158.85714285714286	0.015319336529453904	0.013100976870620154	0.017834830474977803	"2021-02-18T05:00:00.000Z"	
"2021-02-19"	8625	153	10373.42857142857	160.28571428571428	0.015451565813754923	0.013186263159905898	0.017933354628885456	"2021-02-19T05:00:00.000Z"	
"2021-02-20"	5869	71	10456.714285714286	158.85714285714286	0.015191879448611282	0.012991859776294697	0.017686639180940933	"2021-02-20T05:00:00.000Z"	
"2021-02-21"	5679	76	10537.285714285714	162.57142857142858	0.015428207318230504	0.01324401681320689	0.017960648499778076	"2021-02-21T05:00:00.000Z"	
"2021-02-22"	15194	260	9184	152.85714285714286	0.016643852663016427	0.01419170163251265	0.019431617385370692	"2021-02-22T05:00:00.000Z"	
"2021-02-23"	10167	181	9101.42857142857	153.28571428571428	0.01684194004080992	0.014321288377121206	0.019608574132318646	"2021-02-23T05:00:00.000Z"	
"2021-02-24"	10691	214	9297.857142857143	159.57142857142858	0.017162172543596834	0.014712701315826856	0.020003735635988118	"2021-02-24T05:00:00.000Z"	
"2021-02-25"	10933	182	9594	162.42857142857142	0.016930224247297416	0.014450958122883613	0.01961151011667417	"2021-02-25T05:00:00.000Z"	
"2021-02-26"	9345	202	9696.857142857143	169.42857142857142	0.017472524234656294	0.01496542661808847	0.020178661178954727	"2021-02-26T05:00:00.000Z"	
"2021-02-27"	5863	86	9696	171.57142857142858	0.017695073078736447	0.015253708167839079	0.020512631786134494	"2021-02-27T05:00:00.000Z"	
"2021-02-28"	5728	75	9703	171.42857142857142	0.017667584399522974	0.015147157285691765	0.020387326731260424	"2021-02-28T05:00:00.000Z"	
"2021-03-01"	15083	319	9687.142857142857	179.85714285714286	0.01856658309983778	0.01603423573690326	0.0214165324852712	"2021-03-01T05:00:00.000Z"	
"2021-03-02"	12369	276	10001.714285714286	193.42857142857142	0.01933954179283551	0.01673744719042301	0.022132930690226482	"2021-03-02T05:00:00.000Z"	
"2021-03-03"	11929	265	10178.57142857143	200.71428571428572	0.019719298245614036	0.017178531592882955	0.02258755028892978	"2021-03-03T05:00:00.000Z"	
"2021-03-04"	10187	175	10072	199.71428571428572	0.01982866220356292	0.017268665707035096	0.022721237052090504	"2021-03-04T05:00:00.000Z"	
"2021-03-05"	10274	198	10204.714285714286	199.14285714285714	0.019514790083014853	0.01695194628718842	0.022320995125771792	"2021-03-05T05:00:00.000Z"	
"2021-03-06"	6560	110	10304.285714285714	202.57142857142858	0.019658949119645087	0.01715094243504598	0.022520954086744926	"2021-03-06T05:00:00.000Z"	
"2021-03-07"	5759	100	10308.714285714286	206.14285714285714	0.019996951261761892	0.017414215091849164	0.02282029870265423	"2021-03-07T05:00:00.000Z"	
"2021-03-08"	17565	392	10663.285714285714	216.57142857142858	0.020310008976059377	0.017799319934765665	0.02316246543429956	"2021-03-08T05:00:00.000Z"	
"2021-03-09"	12955	300	10747	220	0.02047082906857728	0.017921173879310817	0.023278680379379857	"2021-03-09T05:00:00.000Z"	
"2021-03-10"	13315	272	10945	221	0.020191868433074463	0.01768206660639151	0.022955343857943067	"2021-03-10T05:00:00.000Z"	
"2021-03-11"	12349	291	11253.857142857143	237.57142857142858	0.021110222526879673	0.018611531387807665	0.023930762634186364	"2021-03-11T05:00:00.000Z"	
"2021-03-12"	12256	314	11537	254.14285714285714	0.022028504562958927	0.019457127490815313	0.02481486669059152	"2021-03-12T05:00:00.000Z"	
"2021-03-13"	8327	193	11789.42857142857	266	0.02256258633642731	0.01999858624077853	0.0253625860780351	"2021-03-13T05:00:00.000Z"	
"2021-03-14"	7422	127	12027	269.85714285714283	0.022437610614213257	0.019915620517316674	0.02521313426602212	"2021-03-14T05:00:00.000Z"	
"2021-03-15"	30274	638	13842.57142857143	305	0.02203347850316828	0.01968641462902107	0.02457899351570081	"2021-03-15T04:00:00.000Z"	
"2021-03-16"	15744	391	14241	318	0.022329892563724456	0.01999929190537175	0.02485460538268458	"2021-03-16T04:00:00.000Z"	
"2021-03-17"	12851	282	14174.714285714286	319.42857142857144	0.022535097709200487	0.02015931286494372	0.025044450187629907	"2021-03-17T04:00:00.000Z"	
"2021-03-18"	13646	287	14360	318.85714285714283	0.02220453641066454	0.019899297577229413	0.024722222117782633	"2021-03-18T04:00:00.000Z"	
"2021-03-19"	11536	299	14257.142857142857	316.7142857142857	0.02221442885771543	0.019910419586124776	0.0247528967675259	"2021-03-19T04:00:00.000Z"	
"2021-03-20"	8811	186	14326.285714285714	315.7142857142857	0.022037413744964304	0.01974833598130696	0.024560328339041315	"2021-03-20T04:00:00.000Z"	
"2021-03-21"	8565	147	14489.57142857143	318.57142857142856	0.021986256125094892	0.019720560775501095	0.024500707600286775	"2021-03-21T04:00:00.000Z"	
"2021-03-22"	20823	394	13139.42857142857	283.7142857142857	0.021592589371140298	0.01923272483562717	0.02420805567875317	"2021-03-22T04:00:00.000Z"	
"2021-03-23"	14404	359	12948	279.14285714285717	0.021558762522617948	0.01915250055066715	0.02415679755696809	"2021-03-23T04:00:00.000Z"	
"2021-03-24"	14223	320	13144	284.57142857142856	0.021650291279019216	0.019297191220766098	0.024279195283339106	"2021-03-24T04:00:00.000Z"	
"2021-03-25"	14425	284	13255.285714285714	284.14285714285717	0.02143619257007986	0.01906421153996992	0.023996483487201847	"2021-03-25T04:00:00.000Z"	
"2021-03-26"	13334	229	13512.142857142857	274.14285714285717	0.020288629275255064	0.018003295704872056	0.022758704214211556	"2021-03-26T04:00:00.000Z"	
"2021-03-27"	9054	135	13546.857142857143	266.85714285714283	0.019698823132408148	0.017469956695600176	0.022153533717520713	"2021-03-27T04:00:00.000Z"	
"2021-03-28"	7487	112	13392.857142857143	261.85714285714283	0.019551999999999996	0.017319622029062384	0.02201288456128281	"2021-03-28T04:00:00.000Z"	
"2021-03-29"	20507	426	13347.714285714286	266.42857142857144	0.01996061390928356	0.017660162839694717	0.022404127795624507	"2021-03-29T04:00:00.000Z"	
"2021-03-30"	15700	335	13532.857142857143	263	0.01943418135754249	0.01720979244714356	0.02186365832870729	"2021-03-30T04:00:00.000Z"	
"2021-03-31"	13606	245	13444.714285714286	252.28571428571428	0.018764676505902477	0.016553069797398765	0.021140123517613296	"2021-03-31T04:00:00.000Z"	
"2021-04-01"	13827	215	13359.285714285714	242.42857142857142	0.01814682136555633	0.015956689151318686	0.02048231034284831	"2021-04-01T04:00:00.000Z"	
"2021-04-02"	10995	172	13025.142857142857	234.28571428571428	0.01798718961130122	0.015790159706261957	0.02035490240313842	"2021-04-02T04:00:00.000Z"	
"2021-04-03"	8448	172	12938.57142857143	239.57142857142858	0.018516064922159656	0.016330158568496164	0.02098231314124943	"2021-04-03T04:00:00.000Z"	
"2021-04-04"	7473	133	12936.57142857143	242.57142857142858	0.018750828216794028	0.016550328396106876	0.021231593194606657	"2021-04-04T04:00:00.000Z"	
"2021-04-05"	16460	219	12358.42857142857	213	0.017235200961749644	0.01505275332990349	0.019644898710245773	"2021-04-05T04:00:00.000Z"	
"2021-04-06"	14570	226	12197	197.42857142857142	0.01618665011302545	0.014027619261677388	0.018504954625595205	"2021-04-06T04:00:00.000Z"	
"2021-04-07"	14130	227	12271.857142857143	194.85714285714286	0.015878374445595613	0.013789986935876316	0.018217942753971816	"2021-04-07T04:00:00.000Z"	
"2021-04-08"	13662	202	12248.285714285714	193	0.01575730714502321	0.013664986101901769	0.018079141120336373	"2021-04-08T04:00:00.000Z"	
"2021-04-09"	13355	175	12585.42857142857	193.42857142857142	0.015369247883039342	0.01329869536844217	0.01759558519815818	"2021-04-09T04:00:00.000Z"	
"2021-04-10"	9859	135	12787	188.14285714285714	0.0147136042185702	0.012724580229506082	0.016899895602891957	"2021-04-10T04:00:00.000Z"	
"2021-04-11"	7271	99	12758.142857142857	183.28571428571428	0.01436617510385524	0.012389262271481372	0.016518891588619855	"2021-04-11T04:00:00.000Z"	
"2021-04-12"	20211	277	13294	191.57142857142858	0.014410367727653722	0.012518750658647394	0.01657781192275376	"2021-04-12T04:00:00.000Z"	
"2021-04-13"	16153	295	13520.142857142857	201.42857142857142	0.01489840555361841	0.01292935456055832	0.01701201259491414	"2021-04-13T04:00:00.000Z"	
"2021-04-14"	14182	207	13527.57142857143	198.57142857142858	0.014679015344323233	0.012783897578493594	0.01684414676678736	"2021-04-14T04:00:00.000Z"	
"2021-04-15"	22306	474	14762.42857142857	237.42857142857142	0.01608330026999042	0.014120927964131448	0.018178254759751433	"2021-04-15T04:00:00.000Z"	
"2021-04-16"	12539	153	14645.857142857143	234.28571428571428	0.01599672262268218	0.01404083657644601	0.01810452567500831	"2021-04-16T04:00:00.000Z"	
"2021-04-17"	8538	154	14457.142857142857	237	0.016393280632411068	0.014419131414220505	0.018561332679520204	"2021-04-17T04:00:00.000Z"	
"2021-04-18"	6225	76	14307.714285714286	233.71428571428572	0.016334844339716836	0.014372853357031468	0.018531730424200088	"2021-04-18T04:00:00.000Z"	
"2021-04-19"	18211	237	14022	228	0.016260162601626018	0.014265375562631947	0.01845458663213595	"2021-04-19T04:00:00.000Z"	
"2021-04-20"	14391	182	13770.285714285714	211.85714285714286	0.015385094198688689	0.01343986664390391	0.01755535941534858	"2021-04-20T04:00:00.000Z"	
"2021-04-21"	13370	195	13654.285714285714	210.14285714285714	0.015390249006068215	0.013417355896225554	0.017548247230599556	"2021-04-21T04:00:00.000Z"	
"2021-04-22"	12610	164	12269.142857142857	165.85714285714286	0.01351823389688417	0.011598778476332896	0.015690719410883625	"2021-04-22T04:00:00.000Z"	
"2021-04-23"	11801	174	12163.714285714286	168.85714285714286	0.013882037911352266	0.011927301278801799	0.016090847186703727	"2021-04-23T04:00:00.000Z"	
"2021-04-24"	7561	112	12024.142857142857	162.85714285714286	0.013544178973256188	0.011604552474827681	0.01574197750655626	"2021-04-24T04:00:00.000Z"	
"2021-04-25"	5949	111	11984.714285714286	167.85714285714286	0.014005936132931234	0.012028356765039234	0.016241316184606114	"2021-04-25T04:00:00.000Z"	
"2021-04-26"	18977	285	12094.142857142857	174.71428571428572	0.014446190009331554	0.012456163771568038	0.01671610733570672	"2021-04-26T04:00:00.000Z"	
"2021-04-27"	14364	246	12090.285714285714	183.85714285714286	0.015207013895453257	0.01315135176644453	0.017519049254220542	"2021-04-27T04:00:00.000Z"	
"2021-04-28"	12317	195	11939.857142857143	183.85714285714286	0.01539860491271731	0.013316741802223508	0.017738872745274192	"2021-04-28T04:00:00.000Z"	
"2021-04-29"	12358	164	11903.857142857143	183.85714285714286	0.015445173833211324	0.013357056273623118	0.017792453721208967	"2021-04-29T04:00:00.000Z"	
"2021-04-30"	11789	150	11902.142857142857	180.42857142857142	0.015159335053711816	0.013047130712349305	0.017435618460497238	"2021-04-30T04:00:00.000Z"	
"2021-05-01"	7013	92	11823.857142857143	177.57142857142858	0.015018062754479443	0.012976275833241666	0.017369298557507018	"2021-05-01T04:00:00.000Z"	
"2021-05-02"	5980	83	11828.285714285714	173.57142857142858	0.014674267494383924	0.012658178051488226	0.017000939379020363	"2021-05-02T04:00:00.000Z"	
"2021-05-03"	18605	246	11775.142857142857	168	0.014267342828719094	0.012243090767770302	0.016530631320686662	"2021-05-03T04:00:00.000Z"	
"2021-05-04"	12182	228	11463.42857142857	165.42857142857142	0.01443098549424256	0.012334439443611726	0.016698956791907693	"2021-05-04T04:00:00.000Z"	
"2021-05-05"	11826	186	11393.285714285714	164.14285714285714	0.01440698155555277	0.012329103342201862	0.016707130318035945	"2021-05-05T04:00:00.000Z"	
"2021-05-06"	10729	128	11160.57142857143	159	0.014246582356254159	0.012171531601549416	0.016572365719898285	"2021-05-06T04:00:00.000Z"	
"2021-05-07"	10301	138	10948	157.28571428571428	0.014366616211702071	0.012239866042481867	0.016697846188155396	"2021-05-07T04:00:00.000Z"	
"2021-05-08"	6369	96	10856	157.85714285714286	0.014541004316243816	0.01242876645190094	0.01693829687168258	"2021-05-08T04:00:00.000Z"	
"2021-05-09"	4939	61	10707.285714285714	154.71428571428572	0.014449440300996652	0.012343234841618356	0.016872163240421845	"2021-05-09T04:00:00.000Z"	
"2021-05-10"	16850	148	10456.57142857143	140.71428571428572	0.013457019509262801	0.01140563762668618	0.01583113364729838	"2021-05-10T04:00:00.000Z"	
"2021-05-11"	11029	166	10291.857142857143	131.85714285714286	0.012811792956984024	0.010786251502901282	0.015138608156895161	"2021-05-11T04:00:00.000Z"	
"2021-05-12"	9386	122	9943.285714285714	122.71428571428571	0.01234142206514087	0.010337281727237886	0.014687479448832197	"2021-05-12T04:00:00.000Z"	
"2021-05-13"	7751	87	9517.857142857143	116.85714285714286	0.012277673545966228	0.010224392165327155	0.014657051181228287	"2021-05-13T04:00:00.000Z"	
"2021-05-14"	7871	92	9170.714285714286	110.28571428571429	0.012025858711737674	0.009917414547792715	0.014379086828390508	"2021-05-14T04:00:00.000Z"	
"2021-05-15"	11001	171	9832.42857142857	121	0.012306217036918652	0.010268429284411174	0.014632053497814823	"2021-05-15T04:00:00.000Z"	
"2021-05-16"	4202	38	9727.142857142857	117.71428571428571	0.012101630195329711	0.010098151625902716	0.014454385647874046	"2021-05-16T04:00:00.000Z"	
"2021-05-17"	15453	120	9527.57142857143	113.71428571428571	0.011935285562202929	0.009927024053044716	0.014298778281935376	"2021-05-17T04:00:00.000Z"	
"2021-05-18"	9703	106	9338.142857142857	105.14285714285714	0.011259504031086023	0.00925423898208828	0.01353731203742703	"2021-05-18T04:00:00.000Z"	
"2021-05-19"	8334	99	9187.857142857143	101.85714285714286	0.011086060794526937	0.009109922118577961	0.01340077507962012	"2021-05-19T04:00:00.000Z"	
"2021-05-20"	7435	72	9142.714285714286	99.71428571428571	0.01090642041281895	0.008957061796253109	0.013227036086505106	"2021-05-20T04:00:00.000Z"	
"2021-05-21"	6688	71	8973.714285714286	96.71428571428571	0.010777508914926133	0.0088241197268577	0.013109232135044557	"2021-05-21T04:00:00.000Z"	
"2021-05-22"	4331	36	8020.857142857143	77.42857142857143	0.009653403626260108	0.0076386871095770305	0.011914546002186333	"2021-05-22T04:00:00.000Z"	
"2021-05-23"	3369	17	7901.857142857143	74.42857142857143	0.009419123894925243	0.007416419975403714	0.011672135397942096	"2021-05-23T04:00:00.000Z"	
"2021-05-24"	11316	69	7310.857142857143	67.14285714285714	0.009183992496482725	0.007169338830658115	0.011547484184924905	"2021-05-24T04:00:00.000Z"	
"2021-05-25"	8552	108	7146.428571428572	67.42857142857143	0.00943528235882059	0.007335042299410689	0.011813776069485415	"2021-05-25T04:00:00.000Z"	
"2021-05-26"	7765	49	7065.142857142857	60.285714285714285	0.008532837269492074	0.006548714685054279	0.010838734114482329	"2021-05-26T04:00:00.000Z"	
"2021-05-27"	6899	72	6988.571428571428	60.285714285714285	0.008626328699918234	0.006619994885695088	0.010956451710745219	"2021-05-27T04:00:00.000Z"	
"2021-05-28"	6381	58	6944.714285714285	58.42857142857143	0.008413387365519512	0.0064102753203771	0.010701755735073926	"2021-05-28T04:00:00.000Z"	
"2021-05-29"	4784	33	7009.428571428572	58	0.008274568947947663	0.006351687715727706	0.010604155082113431	"2021-05-29T04:00:00.000Z"	
"2021-05-30"	3985	25	7097.428571428572	59.142857142857146	0.008332997866430499	0.006395931469485959	0.010631450110928475	"2021-05-30T04:00:00.000Z"	
"2021-05-31"	9131	88	6785.285714285715	61.857142857142854	0.00911636524412068	0.007077498930808582	0.011616479185003858	"2021-05-31T04:00:00.000Z"	
"2021-06-01"	8248	94	6741.857142857143	59.857142857142854	0.008878435361176445	0.006862765085714596	0.011357339405081435	"2021-06-01T04:00:00.000Z"	
"2021-06-02"	7405	64	6690.428571428572	62	0.009266969871671684	0.007178103664256587	0.011781221052071023	"2021-06-02T04:00:00.000Z"	
"2021-06-03"	7062	41	6713.714285714285	57.57142857142857	0.008575197889182058	0.006631040368241439	0.011069491853587965	"2021-06-03T04:00:00.000Z"	
"2021-06-04"	6954	65	6795.571428571428	58.57142857142857	0.008619058630620782	0.006679487517117166	0.011101732559576027	"2021-06-04T04:00:00.000Z"	
"2021-06-05"	5550	43	6905	60	0.008689355539464157	0.0067006055704280955	0.011089571695478084	"2021-06-05T04:00:00.000Z"	
"2021-06-06"	4760	27	7015.714285714285	60.285714285714285	0.008592954591732845	0.006594494629694294	0.01091433926786567	"2021-06-06T04:00:00.000Z"	
"2021-06-07"	10147	69	7160.857142857143	57.57142857142857	0.008039739855563978	0.006216743096802007	0.010379337144018397	"2021-06-07T04:00:00.000Z"	
"2021-06-08"	7719	95	7085.285714285715	57.714285714285715	0.008145653971006311	0.0062834909689298175	0.01049054176248998	"2021-06-08T04:00:00.000Z"	
"2021-06-09"	6030	31	6888.857142857143	53	0.00769358384140019	0.005830963674086379	0.009969099946548488	"2021-06-09T04:00:00.000Z"	
"2021-06-10"	4482	23	6520.285714285715	50.42857142857143	0.007734104552824153	0.005763229021916622	0.010010788723960662	"2021-06-10T04:00:00.000Z"	
"2021-06-11"	4051	17	6105.571428571428	43.57142857142857	0.007136339174992396	0.0053105486398414	0.009568072938730077	"2021-06-11T04:00:00.000Z"	
"2021-06-12"	2528	16	5673.857142857143	39.714285714285715	0.0069995216154291615	0.005115634286609504	0.009485953940742031	"2021-06-12T04:00:00.000Z"	
"2021-06-13"	2245	14	5314.571428571428	37.857142857142854	0.007123272942314929	0.0051435413547201575	0.009691568506008053	"2021-06-13T04:00:00.000Z"	
"2021-06-14"	5755	29	4687.142857142857	32.142857142857146	0.0068576653459311195	0.004762840661515579	0.009499951694186604	"2021-06-14T04:00:00.000Z"	
"2021-06-15"	10163	47	5036.285714285715	25.285714285714285	0.0050207068701423945	0.003295066321300708	0.007201234014724278	"2021-06-15T04:00:00.000Z"	
"2021-06-16"	5731	29	4993.571428571428	25	0.0050064368473751964	0.0033228001685018157	0.0072617253202756915	"2021-06-16T04:00:00.000Z"	
"2021-06-17"	4983	32	5065.142857142857	26.285714285714285	0.005189530685920578	0.003435758096858746	0.007395160375615606	"2021-06-17T04:00:00.000Z"	
"2021-06-18"	5595	23	5285.714285714285	27.142857142857142	0.005135135135135136	0.003445586841429533	0.007310934864106611	"2021-06-18T04:00:00.000Z"	
"2021-06-19"	3134	9	5372.285714285715	26.142857142857142	0.0048662447481784814	0.0032392621161069033	0.0069730134414872635	"2021-06-19T04:00:00.000Z"	
"2021-06-20"	3395	8	5536.571428571428	25.285714285714285	0.0045670347817112185	0.002996707646034664	0.006550346518152228	"2021-06-20T04:00:00.000Z"	
"2021-06-21"	6501	17	5643.142857142857	23.571428571428573	0.004177003696015392	0.002797850658388741	0.006215678386044976	"2021-06-21T04:00:00.000Z"	
"2021-06-22"	7671	46	5287.142857142857	23.428571428571427	0.004431234801405026	0.0028350236558308895	0.006406983307054692	"2021-06-22T04:00:00.000Z"	
"2021-06-23"	5864	12	5306.142857142857	21	0.003957677085857363	0.0025257576802211554	0.005929615202378669	"2021-06-23T04:00:00.000Z"	
"2021-06-24"	5514	11	5382	18	0.0033444816053511705	0.002054894528272803	0.005166715228065	"2021-06-24T04:00:00.000Z"	
"2021-06-25"	4494	17	5224.714285714285	17.142857142857142	0.0032811090148470185	0.001969533606022695	0.005086307539875601	"2021-06-25T04:00:00.000Z"	
"2021-06-26"	5279	9	5531.142857142857	17.142857142857142	0.003099333643266698	0.00186050873864714	0.004805167207382777	"2021-06-26T04:00:00.000Z"	
"2021-06-27"	4188	7	5644.428571428572	17	0.0030118194933056617	0.0018232384591689544	0.004709047886572115	"2021-06-27T04:00:00.000Z"	
"2021-06-28"	5695	12	5529.285714285715	16.285714285714285	0.0029453558971709076	0.0017233647731390751	0.004583092430598512	"2021-06-28T04:00:00.000Z"	
"2021-06-29"	7092	18	5446.571428571428	12.285714285714286	0.0022556785395792898	0.0012048535743471682	0.003728065959545779	"2021-06-29T04:00:00.000Z"	
"2021-06-30"	5025	3	5326.714285714285	11	0.002065062890551667	0.001097584391674364	0.003570970241737581	"2021-06-30T04:00:00.000Z"	
"2021-07-01"	5323	10	5299.428571428572	10.857142857142858	0.002048738408453742	0.0011033865960577913	0.0035898240943076365	"2021-07-01T04:00:00.000Z"	
"2021-07-02"	3397	9	5142.714285714285	9.714285714285714	0.0018889413594822078	0.0010001223579334264	0.0034464766888884224	"2021-07-02T04:00:00.000Z"	
"2021-07-03"	2371	2	4727.285714285715	8.714285714285714	0.001843401529116678	0.0009424933322696214	0.0034720528627394387	"2021-07-03T04:00:00.000Z"	
"2021-07-04"	3572	2	4639.285714285715	8	0.0017244033872209391	0.0008156089511545006	0.0032513793271867764	"2021-07-04T04:00:00.000Z"	
"2021-07-05"	2719	0	4214.142857142857	6.285714285714286	0.0014915759856266315	0.000594510197083471	0.0029325407407170268	"2021-07-05T04:00:00.000Z"	
"2021-07-06"	587	0	3284.8571428571427	3.7142857142857144	0.0011307297555884146	0.0004111527565429547	0.002892750219130491	"2021-07-06T04:00:00.000Z"	
"2021-07-07"	279	0	2606.8571428571427	3.2857142857142856	0.0012604120999561597	0.00032420519471012697	0.003067867647142508	"2021-07-07T04:00:00.000Z"	
"2021-07-08"	80	0	1857.857142857143	1.8571428571428572	0.0009996155324875047	0.00022374981215857144	0.003448745064157377	"2021-07-08T04:00:00.000Z"	
"2021-07-09"	18	0	1375.142857142857	0.5714285714285714	0.00041554124246831497	0.00007848220428144012	0.0033942643663897876	"2021-07-09T04:00:00.000Z"	
"2021-07-10"	2	0	1036.7142857142858	0.2857142857142857	0.000275595976298746	4.734002681048181e-7	0.002418803301462967	"2021-07-10T04:00:00.000Z"	
